{"cameraMode":{"drawMode":0,"name":"Shaded","section":"Shading Mode"},"sceneLighting":true,"audioPlay":false,"sceneViewState":{"showFog":true,"showMaterialUpdate":false,"showSkybox":true,"showFlares":true,"showImageEffects":true,"showParticleSystems":true},"in2DMode":false,"pivot":{"x":-0.006177790462970734,"y":-0.08887875825166702,"z":0.16257667541503907},"rotation":{"x":0.12117081880569458,"y":0.02233267016708851,"z":-0.00272717815823853,"w":0.9923773407936096},"size":1.207395076751709,"orthographic":false}